âœ“,é …ç›®,ã¯ã˜ã‚ã«,å‹•ç”»URL
FALSE,ã¯ã˜ã‚ã«,ãƒã‚¤ãƒ³ãƒ‰ã‚»ãƒƒãƒˆ,https://youtu.be/KF-ESKAvYhA
FALSE,ã¯ã˜ã‚ã«,å¿ƒæ§‹ãˆã®ãƒ¯ãƒ¼ã‚¯,https://youtu.be/3_SPCuL38x0
FALSE,ã¯ã˜ã‚ã«,ãƒã‚¤ãƒ³ãƒ‰è¬›ç¾©,https://youtu.be/V72ZU4nJd_o
FALSE,ã¯ã˜ã‚ã«,ãƒã‚¹ã‚¿ãƒ¼ã‚³ãƒ¼ã‚¹ã®ãŠè©±,https://youtu.be/xCdX8B0V1U0
FALSE,ç‰©è²©,è¬›å¸«åŠ è—¤ã®è‡ªå·±ç´¹ä»‹,https://youtu.be/Q6Vns2_TnU0
FALSE,ç‰©è²©,ç‰©è²©ã‚³ãƒ³ãƒ†ãƒ³ãƒ„æ¦‚è¦,https://youtu.be/YlwfG_tamv4
FALSE,ç‰©è²©,ç‰©è²©æƒ…å ±,https://youtu.be/vPw4JKmxNcQ
FALSE,ç‰©è²©,åˆ©ç›Šç®¡ç†è¡¨ã®ä½¿ã„æ–¹,"https://youtu.be/PVlti__xiP4
ğŸ”»ç®¡ç†è¡¨ï¼ˆå€‹äººç”¨ï¼‰ã‚³ãƒ”ãƒ¼ã—ã¦ä½¿ç”¨
https://docs.google.com/spreadsheets/d/1ren3LDqIAcSIz42thuVoaoHU9yd8H7dhFKK_50pxToM/edit?usp=sharing"
FALSE,MNP,ãƒ¡ã‚«ãƒ‹ã‚ºãƒ ,https://youtu.be/EcIW30QG9WY
FALSE,MNP,MNPã¨ã¯ï¼Ÿ,https://youtu.be/7jDqPiD9TEY
FALSE,MNP,ãƒ—ãƒ­ã‚»ã‚¹,https://youtu.be/DJzddMT0uOo
FALSE,MNP,æ‰‹é…å¸«,https://youtu.be/lTecAOxPgWE
FALSE,MNP,å°‚é–€ç”¨èª,https://youtu.be/hLx5I2rPd6I
FALSE,MNP,æµã‚Œãƒ»èª²é¡Œ,https://youtu.be/Tzh9soBB-nk
FALSE,å…‰å›ç·š,å…‰å›ç·šé‹ç”¨æ³•,https://youtu.be/OXGIoSWpnfU
FALSE,å…‰å›ç·š,åŸºç¤çŸ¥è­˜,https://youtu.be/FCtcXizZoM0
FALSE,å…‰å›ç·š,å¥‘ç´„,https://youtu.be/AWiOfHLar4M
FALSE,iPhone,æ¦‚è¦,https://youtu.be/-I17ocAGHKA
FALSE,iPhone,è²·å–å±‹,https://youtu.be/Pknrqh4u0jU
FALSE,iPhone,è³¼å…¥ã‚¿ã‚¤ãƒŸãƒ³ã‚°,https://youtu.be/unPDYSMhShk
FALSE,iPhone,ç«¯æœ«è³¼å…¥,https://youtu.be/6T_elWByXtk
FALSE,iPhone,ã‚¯ãƒ¬ã‚«ç”¨æ„,https://youtu.be/TVnJMW9sSms
FALSE,iPhone,ãƒ‡ãƒ“ãƒƒãƒˆã‚«ãƒ¼ãƒ‰,https://youtu.be/4sltkq-ErIc
FALSE,iPhone,AppleIDã®ä½œæˆ,https://youtu.be/_ouvzYSdVoQ
FALSE,iPhone,é€£æº,https://youtu.be/MKYHL_iUB4k
FALSE,iPhone,Appleã‚®ãƒ•ãƒˆ,https://youtu.be/hqePNdNL3Cg
FALSE,iPhone,2025å¹´æ–°å‹iPhoneä¼é”,https://youtu.be/FgIfwt0fx4I
FALSE,å…¨ä½“zoom,8æœˆ30æ—¥,https://youtu.be/2eZC5inbeQE
FALSE,å…¨ä½“zoom,9æœˆ24æ—¥,https://youtu.be/OvNhlOurR-w
FALSE,å…¨ä½“zoom,10æœˆ23æ—¥,https://youtu.be/cdFEPEPh6SA
FALSE,å…¨ä½“zoom,11æœˆ23æ—¥,https://youtu.be/CPrMqdiN_54
FALSE,å…¨ä½“zoom,12æœˆ27æ—¥,https://youtu.be/83Gk5BJTJKE
FALSE,å…¨ä½“zoom,2æœˆ26æ—¥,https://youtu.be/NtEPxnHyJmc
FALSE,å…¨ä½“zoom,3æœˆ27æ—¥,https://youtu.be/xXtaJvZ5GLc
FALSE,å…¨ä½“zoom,4æœˆ25æ—¥,https://youtu.be/QIASQjfUqq0
FALSE,å…¨ä½“zoom,5æœˆ27æ—¥,https://youtu.be/w8JB2kqME68
FALSE,å…¨ä½“zoom,7æœˆ29æ—¥,https://youtu.be/xKeW9ZUmOQ8
FALSE,å…¨ä½“zoom,8æœˆ30æ—¥,https://youtu.be/55yAG7oxrqk
FALSE,å…¨ä½“zoom,9æœˆ29æ—¥,https://youtu.be/MT-6C_pIKZw
FALSE,å…¨ä½“zoom,10æœˆ24æ—¥,https://youtu.be/UB38gDPC_Qo
FALSE,å…¨ä½“zoom,11æœˆ21æ—¥,https://youtu.be/c5uv6UuHmC8
FALSE,å…¨ä½“zoom,12æœˆ19æ—¥,https://youtu.be/J_4T8XcLuhw
FALSE,,,
FALSE,,,
FALSE,,,
FALSE,,,
FALSE,,,
FALSE,,,
FALSE,,,
FALSE,,,